event_id,decay_time
0,6.540623871842399
1,1.3706267054658383
2,2.5606386770959944
3,6.980000762268901
4,1.024996890919283
5,4.56124689662829
6,0.3606255631893873
7,1.1137526598758996
8,1.191878254758194
9,0.9499999578110874
10,0.8649949450045824
11,1.8881255527958274
12,0.7756279956083745
13,2.114367816830054
14,1.0868716344702989
15,1.3206263247411698
16,1.322496245848015
17,1.1881165846716613
18,1.2074960977770388
19,2.717501047300175
20,0.5787369445897639
21,0.641255610389635
22,8.919381798477843
23,0.34688127925619483
24,1.7237471183761954
25,1.568751031300053
26,1.6537451301701367
27,4.244997398927808
28,0.7493727025575936
29,0.30687442631460726
30,2.35375773627311
31,1.5618716133758426
32,1.7462516552768648
33,2.371249138377607
34,4.45063051301986
35,0.3012428351212293
36,3.2362549973186105
37,1.2024938769172877
38,0.4668763722293079
39,0.5225010681897402
40,1.5337463992182165
41,1.2550044630188495
42,1.1600022844504565
43,0.4318790161050856
44,1.6937483451329172
45,1.8062492017634213
46,4.0312588680535555
47,3.3100004657171667
48,3.2206298783421516
49,2.081880666082725
50,2.0718725863844156
51,3.173754521412775
52,1.7350030248053372
53,0.39687802200205624
54,3.2431162253487855
55,1.6112462617456913
56,3.7481258914340287
57,6.053756806068122
58,0.8193710527848452
59,2.6468769647181034
60,1.1956362868659198
61,0.36562050809152424
62,0.37874997360631824
63,0.37812424125149846
64,1.1906231520697474
65,0.9450013749301434
66,1.811873516999185
67,5.7837496569845825
68,2.8993708838243037
69,0.5200090527068824
70,3.7181307561695576
71,3.4537479223217815
72,0.45499473344534636
73,0.9431314538232982
74,1.2343734852038324
75,3.7875033740419894
76,1.4781253412365913
77,4.952500603394583
78,1.2393720680847764
79,1.579377567395568
80,3.7687532312702388
81,0.7493763405364007
82,4.667497705668211
83,0.6199989002197981
84,0.7206253940239549
85,2.5449953682255
86,0.33375181374140084
87,8.858751243678853
88,2.8843714972026646
89,1.5387486200779676
90,3.801877028308809
91,0.7743728929199278
92,0.5637411959469318
93,0.775013177189976
94,1.4362522051669657
95,0.8874958439264446
96,0.4762550815939903
97,1.4106262824498117
98,3.763125278055668
99,5.791873263660818
100,0.7493763405364007
101,0.748121237847954
102,0.600004568696022
103,2.3925022105686367
104,3.135632141493261
105,2.555632818257436
106,1.1681186151690781
107,3.273755282862112
108,5.689373210771009
109,2.1106243366375566
110,1.8093815015163273
111,8.373113814741373
112,0.38686630432493985
113,3.869998181471601
114,2.657496224856004
115,0.9425057214684784
116,2.655622665770352
117,1.0956282494589686
118,5.964997399132699
119,1.8049977370537817
120,0.8456190698780119
121,4.298752173781395
122,1.5874975360929966
123,5.238125595496967
124,1.6037520254030824
125,1.9468825485091656
126,6.313130143098533
127,0.540621840627864
128,0.9018767741508782
129,0.7024973456282169
130,0.40749728213995695
131,1.2068740034010261
132,4.866869858233258
133,0.9693721949588507
134,5.148751370143145
135,0.4593748599290848
136,0.34624827094376087
137,4.583747795550153
138,2.4718756321817636
139,2.10936923394911
140,2.037493686657399
141,4.887504474027082
142,1.5450023056473583
143,1.9443723431322724
144,0.7024973456282169
145,7.620616088388488
146,1.153122866526246
147,0.8631322998553514
148,0.6949994713068008
149,3.398748958716169
150,0.8050083124544472
151,0.5368783604353666
152,0.7868693501222879
153,2.305008820258081
154,2.378754288656637
155,4.118748620385304
156,1.3031312846578658
157,3.193123120581731
158,1.300006260862574
159,0.8037568477448076
160,2.135002432623878
161,2.114997187163681
162,1.166881702374667
163,0.7487433322239667
164,2.5281224225182086
165,1.1368829291313887
166,1.018132024910301
167,2.8100002964492887
168,4.274996172171086
169,1.15812144940719
170,1.28687679534778
171,1.3475000741891563
172,1.8643731891643256
173,0.9243703971151263
174,1.4806319086346775
175,3.86000465368852
176,1.927503035403788
177,5.393128958530724
178,1.6387457435484976
179,0.3612549335230142
180,0.9081195457838476
181,3.203116648364812
182,7.540009391959757
183,8.741873898543417
184,3.9156293496489525
185,0.48937727115117013
186,4.613117198459804
187,5.682497430825606
188,4.268753400538117
189,1.1881238606292754
190,3.1049967219587415
191,0.5481269909068942
192,4.468121915124357
193,0.3087479854002595
194,3.9412552723661065
195,5.07187723997049
196,3.395623934920877
197,1.3825010682921857
198,1.414369762642309
199,1.5043769963085651
200,0.9081304597202688
201,1.4193792594596744
202,5.610621883533895
203,2.326869434909895
204,2.273125573992729
205,1.448126567993313
206,4.030622221762314
207,0.8756178431212902
208,1.2831369531340897
209,4.360626917332411
210,0.8649949450045824
211,1.993746991502121
212,0.3212553565390408
213,1.7043785192072392
214,0.5643705662805587
215,3.5281191230751574
216,1.0156181815546006
217,0.48686706577427685
218,1.6899975889828056
219,0.40437953430227935
220,0.538755557499826
221,4.358127625891939
222,1.7149941413663328
223,0.628126144874841
224,3.2668722269590944
225,1.4568722690455616
226,1.0768744687084109
227,0.5493675416801125
228,3.4050062822643667
229,3.008750354638323
230,2.3799984774086624
231,0.551252014702186
232,0.6193658919073641
233,4.912504664389417
234,1.0949988791253418
235,1.9231229089200497
236,1.905005774460733
237,1.2143791536800563
238,0.9931209206115454
239,4.691260983236134
240,3.006876795552671
241,0.5862602847628295
242,0.55625059758313
243,1.6781305021140724
244,0.8743736543692648
245,2.6743691705632955
246,3.9768710848875344
247,2.4518776626791805
248,1.0006224329117686
249,2.481247065588832
250,4.541874659480527
251,0.6531263352371752
252,3.1825038604438305
253,7.231868949020281
254,0.5687616067007184
255,0.7906310202088207
256,0.3981294867116958
257,4.084995453013107
258,2.4612490960862488
259,6.170623237267137
260,1.8962491594720632
261,0.504998752148822
262,3.949367965105921
263,2.173750544898212
264,1.3787539501208812
265,0.3956229193136096
266,4.51625237474218
267,1.1437441571615636
268,5.524994776351377
269,0.619995262240991
270,2.817501808749512
271,0.42124520405195653
272,0.30249066185206175
273,1.1474949133116752
274,2.616245183162391
275,2.4568798835389316
276,2.2887579689268023
277,2.4749970179982483
278,2.770626451820135
279,0.3062523319385946
280,0.705000275047496
281,1.7499951354693621
282,1.7743695934768766
283,0.8424976840615273
284,3.5900011425837874
285,0.9049981599673629
286,0.3087516233790666
287,1.5975019778124988
288,0.44687476474791765
289,2.7206260710954666
290,0.9100076567847282
291,1.714364771032706
292,0.555617589270696
293,0.5456240614876151
294,1.3774988474324346
295,4.716250259662047
296,0.8437527867499739
297,2.775625034701079
298,0.9143768693320453
299,5.718749889638275
300,1.2075106496922672
301,0.5481269909068942
302,0.34124968806281686
303,3.9056285459082574
304,2.6031266315840185
305,2.2656313376501203
306,3.6712481232825667
307,2.7443711587693542
308,0.5075053195469081
309,4.506870027398691
310,1.015003363136202
311,1.3062526704743505
312,4.3025029299315065
313,0.509997335029766
314,3.4181211958639324
315,1.2006239558104426
316,4.8918736865743995
317,2.9181283025536686
318,1.3481294445227832
319,2.212502295151353
320,2.88938099402003
321,0.5087422323413193
322,2.161883458029479
323,0.358748366124928
324,0.5475012585520744
325,1.64812445291318
326,0.6450027285609394
327,2.6362395146861672
328,0.7412454579025507
329,1.8799910321831703
330,1.176245859824121
331,0.5662586772814393
332,3.1312592909671366
333,6.503127224277705
334,2.7031201170757413
335,1.4631223166361451
336,5.509995389729738
337,0.6524933269247413
338,3.126871888525784
339,4.018140316475183
340,2.3393804440274835
341,0.40938175516203046
342,1.15812144940719
343,3.130633558612317
344,1.4162578736431897
345,1.2306045391596854
346,2.316875907126814
347,2.76439095614478
348,2.2156164050102234
349,1.3056342140771449
350,1.4693723642267287
351,3.1181334634311497
352,0.6318805390037596
353,1.0518779163248837
354,4.3487525545060635
355,1.0974981705658138
356,0.6243644747883081
357,1.4449906302616
358,0.6693881005048752
359,0.7268681656569242
360,2.6593843358568847
361,5.770634743385017
362,4.152512701693922
363,4.378758603706956
364,1.903143129311502
365,2.330001734662801
366,3.4975091693922877
367,5.320005584508181
368,2.2612366592511535
369,0.2981250872835517
370,0.8718852768652141
371,1.193140633404255
372,1.022497599478811
373,0.8325005182996392
374,1.0881121852435172
375,0.8612478268332779
376,0.843123416416347
377,2.498738467693329
378,1.547487045172602
379,1.3606404536403716
380,1.6006306395865977
381,0.9056311682797968
382,2.622502506710589
383,7.61375849833712
384,0.7675116648897529
385,2.8937356546521187
386,3.3568721846677363
387,1.776883436832577
388,0.7212511263787746
389,0.9831273928284645
390,0.43876207200810313
391,3.034365363419056
392,2.301880158483982
393,7.50500475987792
394,1.6943886294029653
395,2.045620931312442
396,2.3381217033602297
397,3.4537515603005886
398,4.713736416306347
399,2.2256208467297256
400,0.8462593541480601
401,1.0299991117790341
402,2.2625099518336356
403,2.416869392618537
404,7.948117854539305
405,0.42562169255688787
406,1.5831246855668724
407,0.8762362995184958
408,5.739377229474485
409,1.1862357496283948
410,1.099368091672659
411,3.824374289251864
412,1.8268692656420171
413,2.5781337171792984
414,0.5306283128447831
415,0.9512441465631127
416,0.39565202314406633
417,1.2137461453676224
418,0.351887138094753
419,0.40688610170036554
420,0.7537382771261036
421,4.450637788977474
422,2.6156194508075714
423,3.085624484810978
424,0.5743640940636396
425,0.6093832780607045
426,1.3306198525242507
427,8.284368959721178
428,2.0693623810075223
429,1.5937548596411943
430,0.5643596523441374
431,2.8506183298304677
432,0.5093825166113675
433,1.8262362573295832
434,3.596884198486805
435,1.2731179594993591
436,3.7593854358419776
437,1.0624935384839773
438,1.1362353689037263
439,3.246859705541283
440,1.4099932741373777
441,0.5768815753981471
442,1.0937510523945093
443,1.2756208889186382
444,1.3425233191810548
445,8.041250112000853
446,5.74062141822651
447,1.6187550500035286
448,2.727509126998484
449,7.048758561722934
450,0.5868787411600351
451,0.38124562706798315
452,6.163114449009299
453,1.76874891621992
454,4.001252818852663
455,1.012500433716923
456,0.941894541028887
457,2.7862406568601727
458,1.3437456800602376
459,0.8693677955307066
460,5.235000571701676
461,0.9393770596943796
462,3.4399927244521677
463,3.4156255424022675
464,1.4243778423406184
465,0.6137561285868287
466,1.0887524695135653
467,2.7818605303764343
468,1.6731210052967072
469,2.3281245375983417
470,1.0774965630844235
471,3.3006290323100984
472,0.34125696402043104
473,2.0825027604587376
474,1.3637618394568563
475,1.8093778635375202
476,5.129368219058961
477,3.2518801162950695
478,2.0337538444437087
479,2.721870259847492
480,0.9574869181960821
481,0.606865796726197
482,0.7700000423938036
483,3.8687430787831545
484,0.5631300155073404
485,1.1706215445883572
486,0.6518748705275357
487,1.116226485464722
488,2.4699766072444618
489,1.4218749129213393
490,3.9456135709770024
491,5.381240043789148
492,1.9462531781755388
493,0.4275061655789614
494,0.7687194738537073
495,2.1625164663419127
496,2.062493877019733
497,0.4818866727873683
498,0.385007297154516
499,3.8099969970062375
500,4.480003553908318
501,1.8212376744486392
502,0.501866452395916
503,1.9100116332992911
504,1.5987534425221384
505,0.3000095603056252
506,3.0074879759922624
507,1.744992914609611
508,1.7068814486265182
509,0.6781265255995095
510,0.6037589628249407
511,1.833133865147829
512,6.287504220381379
513,2.554996171966195
514,2.15376348933205
515,1.9618673832155764
516,3.4056356525979936
517,1.6574995242990553
518,4.633133357856423
519,0.5456240614876151
520,1.069383870344609
521,2.5706103770062327
522,0.9512368706054986
523,0.8924980647861958
524,4.4468906708061695
525,2.138134732376784
526,2.4800028768368065
527,2.2568783606402576
528,0.5037582013756037
529,2.576896804384887
530,2.411245077382773
531,0.3487439244054258
532,1.4912657206878066
533,1.7249840311706066
534,1.8168793758377433
535,6.610003765672445
536,3.9274964365176857
537,5.256857548374683
538,7.102498784661293
539,3.398752596694976
540,4.698114935308695
541,4.814377462025732
542,0.6818663678131998
543,1.00936449598521
544,2.22063681576401
545,1.230626367032528
546,3.0550218070857227
547,6.588124961126596
548,0.47124194679781795
549,2.3431130102835596
550,0.7493799785152078
551,2.2143867681734264
552,0.8431088645011187
553,1.822503691073507
554,3.434368409216404
555,1.537489879410714
556,3.5093689803034067
557,0.39814040064811707
558,0.6287446012720466
559,2.8206268325448036
560,0.4143585101701319
561,1.149353920482099
562,4.9793816288001835
563,0.9243740350939333
564,0.3406166797503829
565,0.8256174623966217
566,0.6831323844380677
567,2.9550064937211573
568,0.4268731572665274
569,5.525638698600233
570,0.30499359127134085
571,1.1381198419257998
572,0.4350076778791845
573,2.006876457016915
574,4.36375557910651
575,3.043140168301761
576,1.6049889381974936
577,1.6762351151555777
578,4.327506758272648
579,0.8262431947514415
580,5.365625838749111
581,1.0037620086222887
582,1.0043804650194943
583,4.546258423943073
584,0.4868779797106981
585,6.388130714185536
586,0.9937357390299439
587,3.3143660402856767
588,7.602502591907978
589,2.3137472453527153
590,3.458131686784327
591,2.0999868866056204
592,1.1337397154420614
593,2.7049973141402006
594,4.264395101927221
595,1.9193830667063594
596,0.7999842637218535
597,1.0743751772679389
598,0.695006747264415
599,2.5487388484179974
600,7.573755283374339
601,1.383152266498655
602,7.388749509118497
603,1.624364813324064
604,0.8093629730865359
605,7.59749673306942
606,2.3931352188810706
607,1.4012621250003576
608,0.40750455809757113
609,2.7400092221796513
610,3.827510226983577
611,2.7443820727057755
612,0.4781104507856071
613,6.3574916566722095
614,2.98937811749056
615,1.776250428520143
616,6.452508387155831
617,2.094377123285085
618,0.8299975888803601
619,0.558749889023602
620,3.214372554793954
621,0.5631227395497262
622,1.6468693502247334
623,5.596259143203497
624,2.2275198716670275
625,1.2362361303530633
626,5.198140570428222
627,0.6693735485896468
628,2.826869604177773
629,0.6693662726320326
630,4.519366484601051
631,1.5500190784223378
632,3.2812386052682996
633,2.608110662549734
634,0.6831396603956819
635,8.409995643887669
636,0.9881332516670227
637,1.4193938113749027
638,3.4956392482854426
639,5.808135028928518
640,1.4337492757476866
641,2.8956419555470347
642,4.332498065195978
643,2.5818735593929887
644,6.125643267296255
645,1.7856218619272113
646,0.8099959813989699
647,3.915614797733724
648,0.3975001163780689
649,2.676257281564176
650,1.4493780327029526
651,7.6762589742429554
652,3.0287556000985205
653,0.8706265361979604
654,1.3912576832808554
655,4.647496098186821
656,1.2118762242607772
657,1.6468620742671192
658,2.3231259547173977
659,2.516244421713054
660,2.4131222744472325
661,1.916865585371852
662,3.1775052775628865
663,1.471882569603622
664,0.9374998626299202
665,2.948130713775754
666,1.0581279639154673
667,0.9581199265085161
668,4.210625775158405
669,1.581247488502413
670,1.929365680553019
671,0.900006853044033
672,2.6506095309741795
673,0.7031194400042295
674,1.9062645151279867
675,3.720611857715994
676,5.471258191391826
677,2.949367626570165
678,2.353124727960676
679,0.8387505658902228
680,0.4981338861398399
681,4.60437877336517
682,0.7899870979599655
683,0.9031209629029036
684,7.721246220171452
685,1.3387543731369078
686,1.8450082279741764
687,1.5168770914897323
688,4.10187931265682
689,0.433123204857111
690,5.794383469037712
691,5.773748853243887
692,2.342494553886354
693,2.2537424229085445
694,2.242501068394631
695,0.9981158655136824
696,2.6124980649910867
697,4.3306281440891325
698,6.196867616381496
699,5.178124411031604
700,5.471243639476597
701,2.849992597475648
702,1.3856188161298633
703,1.0631047189235687
704,1.3193712220527232
705,4.884364898316562
706,1.1449956218712032
707,2.4700057110749185
708,2.4318796931765974
709,0.8475108188576996
710,0.41751627577468753
711,0.8343704394064844
712,4.306253686081618
713,0.5693655111826956
714,4.353125405032188
715,0.300002284348011
716,3.919376467820257
717,2.7168862288817763
718,8.568727935198694
719,2.4368782760575414
720,2.2406384232454
721,1.001870259642601
722,2.055632648989558
723,3.3362521207891405
724,1.289372448809445
725,1.5037585399113595
726,4.461246135178953
727,1.42436329042539
728,3.232496965210885
729,2.463762939441949
730,0.3893801476806402
731,1.7887505237013102
732,1.5287514543160796
733,2.1900050342082977
734,1.0443691280670464
735,3.8950092857703567
736,4.62812022306025
737,0.5531255737878382
738,1.478743797633797
739,5.1762472139671445
740,3.3731339499354362
741,4.696252290159464
742,1.115004124585539
743,2.9843649826943874
744,0.4268877091817558
745,0.3937457222491503
746,1.2899981811642647
747,0.6862464942969382
748,0.396234099753201
749,3.241861122660339
750,2.666260115802288
751,0.4350004019215703
752,3.5212578950449824
753,1.2343734852038324
754,0.5168767529539764
755,5.428126314654946
756,1.916872861329466
757,3.621244104579091
758,2.6468769647181034
759,3.1431118259206414
760,0.849388015922159
761,3.2275202102027833
762,0.4881294444203377
763,1.9956205505877733
764,2.5056287995539606
765,3.4468757803551853
766,3.5725024645216763
767,1.1937518138438463
768,1.4024990377947688
769,1.6668709577061236
770,1.0293879313394427
771,0.686239218339324
772,0.533123966306448
773,1.7224956536665559
774,6.230628059711307
775,3.27499583363533
776,0.9487484931014478
777,3.1362505978904665
778,1.7818747437559068
779,1.8456121324561536
780,0.34748518373817205
781,0.8268689271062613
782,0.4912435542792082
783,1.9306171452626586
784,7.287497282959521
785,1.8768623704090714
786,0.4006215021945536
787,1.5606274246238172
788,0.38814323488622904
789,1.8149876268580556
790,3.729372110683471
791,1.5862606232985854
792,1.6368721844628453
793,2.2999956854619086
794,0.4481262294575572
795,0.6862610462121665
796,2.3312459234148264
797,4.850633558817208
798,0.712498149368912
799,0.9150026016868651
800,0.9531286195851862
801,1.9031285773962736
802,0.5962501745671034
803,2.144995960406959
804,2.4956316337920725
805,1.8193750292994082
806,6.084999768063426
807,3.527507942635566
808,2.4324908736161888
809,3.418143023736775
810,5.180627340450883
811,3.113113052677363
812,0.8793722372502089
813,1.5699988580308855
814,4.416870069690049
815,1.6912526916712523
816,0.44687476474791765
817,1.553125912323594
818,0.9012510417960584
819,0.571242708247155
820,1.1856318451464176
821,3.920009476132691
822,5.353118467610329
823,0.9425057214684784
824,3.1356248655356467
825,1.4356410247273743
826,6.0681195463985205
827,6.686255801469088
828,0.7287453627213836
829,1.8650025594979525
830,0.5418696673586965
831,1.0568764992058277
832,4.4968692236579955
833,2.510008926037699
834,0.8118877303786576
835,3.375622327439487
836,2.948130713775754
837,6.4087435021065176
838,1.5643745427951217
839,2.496875822544098
840,0.300635292660445
841,0.3787572495639324
842,0.9968862286768854
843,4.872512363363057
844,1.4437391655519605
845,3.337496309541166
846,2.4637483875267208
847,0.6193877197802067
848,0.8443676051683724
849,0.8149800123646855
850,3.3131218515336514
851,1.6587509890086949
852,3.8281286833807826
853,4.459376214072108
854,2.5206172722391784
855,7.118760549928993
856,5.27937663719058
857,1.9693761714734137
858,3.8049911381676793
859,4.058761987835169
860,3.7406280171126127
861,0.6324989954009652
862,5.956237146165222
863,2.4318869691342115
864,0.37062272895127535
865,0.5549882189370692
866,0.427491613663733
867,2.0981315174140036
868,2.3231114028021693
869,0.6056434358470142
870,2.0293809939175844
871,6.784372089896351
872,0.9312570909969509
873,1.1006268323399127
874,1.8306163838133216
875,1.3062599464319646
876,1.0843723430298269
877,2.9412549338303506
878,0.5343681550584733
879,1.2550008250400424
880,3.238143108319491
881,0.9231225703842938
882,4.220004484523088
883,1.2225136742927134
884,0.5700057954527438
885,0.48374931793659925
886,2.942499122582376
887,0.43937325244769454
888,2.431865141261369
889,1.2906239135190845
890,1.6824924387037754
891,1.8937571439892054
892,5.119378329254687
893,3.536239091772586
894,1.5274854376912117
895,0.49937807489186525
896,2.144995960406959
897,3.1206291168928146
898,5.812493327539414
899,0.34875120036303997
900,0.796237145550549
901,3.113746060989797
902,0.41000021155923605
903,0.4031317075714469
904,4.62812022306025
905,3.8025100366212428
906,2.947504981420934
907,2.9893708415329456
908,1.4987526810728014
909,0.7237540557980537
910,1.299369614571333
911,1.2518794392235577
912,2.0900042727589607
913,0.6725022103637457
914,9.446855983696878
915,1.3668686733581126
916,0.8068964234553277
917,5.973757652100176
918,0.5112451617605984
919,2.3650063667446375
920,2.537497493904084
921,0.4306202754378319
922,3.559995093382895
923,2.0225124899297953
924,2.0175211830064654
925,0.3925015334971249
926,0.5712499842047691
927,1.9568688003346324
928,1.263120793737471
929,2.0468869479373097
930,1.276879629585892
931,5.2387622417882085
932,0.9312498150393367
933,0.4081230144947767
934,3.6375204217620194
935,2.2937601897865534
936,0.4487446858547628
937,1.0162548278458416
938,2.393746399320662
939,1.4250035746954381
940,2.668748493306339
941,5.636866262648255
942,1.020001946017146
943,7.11437314748764
944,0.9962532203644514
945,2.0599982235580683
946,0.5743713700212538
947,6.342510459944606
948,5.659996531903744
949,6.663140084128827
950,1.391243131365627
951,1.515632902737707
952,3.775618097279221
953,4.181245458312333
954,3.6512428778223693
955,7.877519237808883
956,2.4231267161667347
957,0.469379301648587
958,2.4237597244791687
959,1.579377567395568
960,0.33751712180674076
961,2.286244125571102
962,3.5868724808096886
963,0.7518829079344869
964,2.7087589842267334
965,0.5762558430433273
966,1.954984327312559
967,1.8212449504062533
968,0.584375811740756
969,5.026871804147959
970,9.651244909036905
971,1.73622538568452
972,0.3050081431865692
973,0.9287541615776718
974,0.8718780009075999
975,2.6037523639388382
976,3.376255335751921
977,2.1431042114272714
978,0.3800014383159578
979,2.106244210153818
980,0.5262409104034305
981,3.058128640986979
982,1.411870471201837
983,0.3850000211969018
984,2.3112515918910503
985,1.200009137392044
986,1.258122210856527
987,1.5056284610182047
988,0.6768750608898699
989,0.6393747753463686
990,5.168745701666921
991,1.2243908713571727
992,2.0231236703693867
993,7.345006451942027
994,3.074994310736656
995,1.0081203072331846
996,1.765620254445821
997,2.5081317289732397
998,1.0393705451861024
999,1.5100158634595573
1000,3.129367541987449
1001,7.889990229159594
1002,3.5843768273480237
1003,4.654997610487044
1004,1.5881232684478164
1005,4.945010005030781
1006,0.6749978638254106
1007,0.9524883353151381
1008,3.780623956117779
1009,4.468740371521562
1010,3.3412507036700845
1011,5.208123184274882
1012,4.715002432931215
1013,1.876884198281914
1014,2.6193811208941042
1015,4.483117663767189
1016,5.8818841353058815
1017,3.675624611787498
1018,2.3437460185959935
1019,1.85562385013327
1020,6.144371582195163
1021,3.848137566819787
1022,1.3068784028291702
1023,2.5462431949563324
1024,1.929998688865453
1025,1.228763721883297
1026,2.4443797883577645
1027,0.501866452395916
1028,0.5581387085840106
1029,3.6799974623136222
1030,3.940003807656467
1031,0.4262547008693218
1032,3.2431198633275926
1033,0.3037421265617013
1034,0.616862962488085
1035,4.533758328761905
1036,0.5150141078047454
1037,3.2950047170743346
1038,0.44625630835071206
1039,2.4912660592235625
1040,1.881882781162858
1041,6.882502930238843
1042,3.6362544051371515
1043,0.4368848749436438
1044,0.6056216079741716
1045,2.7037604013457894
1046,4.851877747569233
1047,2.17875640373677
1048,1.7462734831497073
1049,2.0906300051137805
1050,4.574372724164277
1051,2.4981272872537374
1052,0.5656183930113912
1053,0.4475004971027374
1054,3.6850033211521804
1055,2.699372998904437
1056,3.469991497695446
1057,1.729997165966779
1058,2.444990968797356
1059,4.590001481119543
1060,1.1431329767219722
1061,1.951259037014097
1062,2.13750172406435
1063,2.589986252132803
1064,0.44687476474791765
1065,1.2368836905807257
1066,4.031251592095941
1067,1.600004907231778
1068,9.940631571225822
1069,7.218739483505487
1070,1.6581252566538751
1071,2.266249794047326
1072,3.49998299498111
1073,1.911867002490908
1074,0.9081195457838476
1075,3.9556252886541188
1076,3.626875695772469
1077,1.8924911273643374
1078,1.3212556950747967
1079,1.885615347418934
1080,0.6318732630461454
1081,1.3568715075962245
1082,2.0768711692653596
1083,3.4893746487796307
1084,1.50250707520172
1085,1.042491931002587
1086,0.49688242143020034
1087,2.31187732424587
1088,1.729997165966779
1089,6.099995516706258
1090,1.0750009096227586
1091,1.7168786143884063
1092,1.1881202226504683
1093,1.2187520042061806
1094,0.8075148798525333
1095,0.8656061254441738
1096,0.6787449819967151
1097,9.476258128415793
1098,0.7306225597858429
1099,1.922504452522844
1100,0.5462425178848207
1101,7.3437331593595445
1102,6.116868462413549
1103,1.389373210258782
1104,1.9781218725256622
1105,7.294998795259744
1106,0.9237410267814994
1107,1.0331350495107472
1108,1.9156505004502833
1109,1.103733666241169
1110,1.9837316358461976
1111,1.0931180440820754
1112,5.509362381417304
1113,0.9450013749301434
1114,5.726877134293318
1115,0.9318609954789281
1116,2.459986717440188
1117,1.771251845639199
1118,1.9875078578479588
1119,3.757500962819904
1120,1.381245965603739
1121,1.4550023479387164
1122,3.762499545700848
1123,0.3975146682932973
1124,0.5306210368871689
1125,2.5637345970608294
1126,1.4668694348074496
1127,1.4224933693185449
1128,5.590620276052505
1129,0.5812544259242713
1130,1.0012590792030096
1131,0.8931237971410155
1132,9.250630682799965
1133,2.9381189960986376
1134,0.9656287147663534
1135,1.2893651728518307
1136,2.3018656065687537
1137,6.809365004301071
1138,0.8112474461086094
1139,0.8981223800219595
1140,0.5143738235346973
1141,3.4793774830177426
1142,0.6249902071431279
1143,1.610002072993666
1144,1.420630724169314
1145,3.348126483615488
1146,1.0062649380415678
1147,3.016248228959739
1148,0.7156122592277825
1149,0.7768976502120495
1150,2.7212518034502864
1151,1.039989001583308
1152,3.0187657102942467
1153,0.6093760021030903
1154,5.503774445969611
1155,1.2243835953995585
1156,2.864995622076094
1157,3.110610123258084
1158,6.34688331047073
1159,1.5793630154803395
1160,2.6987618184648454
1161,1.6418780433014035
1162,2.4187465896829963
1163,0.5287511157803237
1164,2.744367520790547
1165,1.6131307347677648
1166,2.6400084607303143
1167,5.942485586274415
1168,0.8818824426271021
1169,0.43000909499824047
1170,3.1775125535205007
1171,0.4581379471346736
1172,0.9481300367042422
1173,4.860623448621482
1174,0.5681140464730561
1175,4.068118869327009
1176,1.6468693502247334
1177,1.5174955478869379
1178,0.2949964255094528
1179,9.572497219778597
1180,7.575006748083979
1181,1.863118086475879
1182,0.9743744158186018
1183,3.504377673380077
1184,4.6893765102140605
1185,0.40249869925901294
1186,0.5762558430433273
1187,1.5300029190257192
1188,0.6612535798922181
1189,2.9793736757710576
1190,1.1137381079606712
1191,0.5643742042593658
1192,3.352492058183998
1193,2.1074956748634577
1194,1.3668686733581126
1195,1.1462398106232285
1196,0.3350069164298475
1197,5.679357855115086
1198,2.6581110432744026
1199,3.3081232686527073
1200,3.1825038604438305
1201,2.8106369427405298
1202,2.0006264094263315
1203,5.445617716759443
1204,2.915003278758377
1205,0.4581379471346736
1206,0.3062523319385946
1207,1.9893486751243472
1208,1.0337462299503386
1209,1.1512456694617867
1210,3.7893696571700275
1211,1.4293837011791766
1212,0.42812462197616696
1213,2.653127012308687
1214,0.7968628779053688
1215,1.0874937288463116
1216,0.38686266634613276
1217,0.5049951141700149
1218,1.8762657418847084
1219,1.1662632459774613
1220,0.36685378290712833
1221,2.526867319829762
1222,0.5481269909068942
1223,3.003107849508524
1224,1.1056254152208567
1225,2.2162566892802715
1226,1.9912695279344916
1227,3.6881392588838935
1228,0.5968613550066948
1229,2.0875013433396816
1230,4.18875424657017
1231,3.2193929655477405
1232,1.8325226847082376
1233,1.1337397154420614
1234,0.4250032361596823
1235,2.4743785616010427
1236,1.4600082067772746
1237,1.023130607791245
1238,0.5956244422122836
1239,4.365007043816149
1240,1.1293886927887797
1241,3.9781443774700165
1242,1.134991180151701
1243,0.42813189793378115
1244,2.895016223192215
1245,4.956251359544694
1246,4.640620318241417
1247,4.299377906136215
1248,0.6225018296390772
1249,1.0956282494589686
1250,4.141867975704372
1251,5.478126695379615
1252,3.9856386138126254
1253,5.066875019110739
1254,1.5431141946464777
1255,4.3687468860298395
1256,2.134998794645071
1257,9.568131645210087
1258,3.008142812177539
1259,1.377513399347663
1260,0.7081252988427877
1261,1.1162483133375645
1262,1.388107193633914
1263,4.559376975521445
1264,1.0768853826448321
1265,0.9768700692802668
1266,2.4981272872537374
1267,1.476248144172132
1268,3.7324934964999557
1269,3.027496859431267
1270,1.9193830667063594
1271,1.79374183062464
1272,1.4925171853974462
1273,2.2425083443522453
1274,0.3762543201446533
1275,1.101871021091938
1276,4.814995918422937
1277,1.7306156223639846
1278,3.8925063563510776
1279,7.339374860748649
1280,2.663116902112961
1281,0.4543544491752982
1282,1.9025173969566822
1283,2.428729203529656
1284,2.753135049715638
1285,1.6325066098943353
1286,0.6137415766716003
1287,4.0356244426220655
1288,4.477507900446653
1289,1.5425030142068863
1290,3.4324912121519446
1291,0.3831082722172141
1292,1.9881263142451644
1293,4.627479938790202
1294,0.5625042831525207
1295,2.2800086298957467
1296,1.7143756849691272
1297,2.1881278371438384
1298,0.5168840289115906
1299,2.4175242288038135
1300,5.1587558118626475
1301,8.718750905245543
1302,2.9881339287385345
1303,1.3012468116357923
1304,1.858119503594935
1305,0.753119820728898
1306,0.5718902684748173
1307,0.42686588130891323
1308,0.6424961611628532
1309,1.4968973118811846
1310,4.573113983497024
1311,1.2137461453676224
1312,0.4093744792044163
1313,0.6693735485896468
1314,0.8043716661632061
1315,1.4387333067134023
1316,1.2018572306260467
1317,1.2512464309111238
1318,1.7318670870736241
1319,1.2575183063745499
1320,2.1124869817867875
1321,1.010004780255258
1322,4.473142325878143
1323,1.8318824004381895
1324,1.7787388060241938
1325,5.1587558118626475
1326,1.7131242202594876
1327,0.4468602128326893
1328,1.1575029930099845
1329,5.016248906031251
1330,2.060623955912888
1331,0.33562537282705307
1332,3.8949947338551283
1333,2.5968911359086633
1334,1.4456163626164198
1335,2.1606101654469967
1336,1.9656290533021092
1337,2.6287161745131016
1338,7.023147190921009
1339,0.3162567736580968
1340,2.1068990463390946
1341,1.9425060600042343
1342,1.7393904272466898
1343,4.795001586899161
1344,0.5631445674225688
1345,2.0249863155186176
1346,0.8374772733077407
1347,2.0318839233368635
1348,1.0056246537715197
1349,4.213739885017276
1350,0.525629729963839
1351,0.4574831109493971
1352,0.42747706174850464
1353,0.643121893517673
1354,0.3469031071290374
1355,1.5268888091668487
1356,3.155626473017037
1357,1.854990841820836
1358,1.468753907829523
1359,4.2800093069672585
1360,0.6300106178969145
1361,0.4481262294575572
1362,1.0206276783719659
1363,6.191257853060961
1364,0.7812486728653312
1365,4.477507900446653
1366,1.5368859749287367
1367,0.5025212885811925
1368,0.6774935172870755
1369,0.9706418495625257
1370,0.4762550815939903
1371,2.100641722790897
1372,0.31811941880732775
1373,2.1968589862808585
1374,0.9737559594213963
1375,1.296240952797234
1376,5.3449912229552865
1377,1.063119270838797
1378,3.4099939512088895
1379,2.378117642365396
1380,3.108740202151239
1381,3.509980160742998
1382,1.1281372280791402
1383,1.409367541782558
1384,2.0774896256625652
1385,5.0118687795475125
1386,0.654385075904429
1387,0.9718787623569369
1388,0.37001154851168394
1389,1.1081137927249074
1390,3.6900019040331244
1391,1.156251528300345
1392,0.6406189640983939
1393,0.7156195351853967
1394,6.613743607886136
1395,0.8443748811259866
1396,3.7850113585591316
1397,2.0974985091015697
1398,1.633132342249155
1399,0.3862223820760846
1400,3.0775117920711637
1401,1.5025143511593342
1402,2.4562468752264977
1403,3.299981472082436
1404,1.6162375686690211
1405,1.6162230167537928
1406,3.6037381505593657
1407,2.966888132505119
1408,0.7081252988427877
1409,0.9212526492774487
1410,2.1399755496531725
1411,2.3543834686279297
1412,2.9918737709522247
1413,1.1481170076876879
1414,0.3581371856853366
1415,1.1406373232603073
1416,1.9337458070367575
1417,2.5443732738494873
1418,2.310014679096639
1419,2.0818697521463037
1420,1.1918600648641586
1421,1.746258931234479
1422,8.186878403648734
1423,1.4106044545769691
1424,5.001857061870396
1425,5.455018253996968
1426,4.123750841245055
1427,0.6868649506941438
1428,0.5925103323534131
1429,0.8593633538112044
1430,0.9581126505509019
1431,0.6256304914131761
1432,2.6312482077628374
1433,0.7549970177933574
1434,3.6893616197630763
1435,4.1787425288930535
1436,3.4393888199701905
1437,0.5212496034801006
1438,4.509376594796777
1439,2.17938213609159
1440,4.134373739361763
1441,8.113740477710962
1442,2.3987668100744486
1443,0.8237548172473907
1444,9.547511581331491
1445,0.4475004971027374
1446,4.369372618384659
1447,0.5468755261972547
1448,1.764390617609024
1449,0.7356284186244011
1450,3.441236913204193
1451,0.6506452336907387
1452,1.8037535483017564
1453,0.3143650246784091
1454,3.8537546060979366
1455,4.153756890445948
1456,4.374989657662809
1457,1.9937579054385424
1458,1.895008608698845
1459,1.4137476682662964
1460,8.396265911869705
1461,9.07812500372529
1462,1.7999846022576094
1463,1.1043739505112171
1464,0.3037421265617013
1465,4.704997991211712
1466,3.761262632906437
1467,0.7925118552520871
1468,1.9812432583421469
1469,1.907508703880012
1470,5.012509063817561
1471,1.7518759705126286
1472,0.6962509360164404
1473,4.075001925230026
1474,6.718735676258802
1475,0.5843903636559844
1476,2.4568726075813174
1477,3.9943697629496455
1478,2.999382559210062
1479,2.893109922297299
1480,1.1562369763851166
1481,5.3231342462822795
1482,0.4268804332241416
1483,2.27124837692827
1484,1.448119292035699
1485,0.49876689445227385
1486,4.573099431581795
1487,1.6050180420279503
1488,2.9106304282322526
1489,1.8656137399375439
1490,0.6737391231581569
1491,1.0618532542139292
1492,4.1800085455179214
1493,1.7093843780457973
1494,4.424378857947886
1495,3.136869054287672
1496,2.1387531887739897
1497,3.6406272556632757
1498,1.0100193321704865
1499,1.474341843277216
1500,1.3300013961270452
1501,1.9587459973990917
1502,2.7787318686023355
1503,5.454363417811692
1504,1.7537386156618595
1505,2.464992576278746
1506,2.135624526999891
1507,7.040012860670686
1508,3.8662401493638754
1509,1.7475103959441185
1510,7.419366738758981
1511,0.6324989954009652
1512,1.2331438483670354
1513,4.759378498420119
1514,0.4981266101822257
1515,1.720633008517325
1516,5.030626198276877
1517,0.7949856808409095
1518,1.3781245797872543
1519,0.815634848549962
1520,3.3700198400765657
1521,1.236898242495954
1522,0.6637710612267256
1523,2.036234945990145
1524,0.38936559576541185
1525,2.6543857529759407
1526,3.74813680537045
1527,0.8549977792426944
1528,2.820015652105212
1529,3.8500147638842463
1530,0.8818606147542596
1531,1.0949879651889205
1532,1.1499942047521472
1533,5.228124791756272
1534,1.1493975762277842
1535,0.3824970917776227
1536,5.942521966062486
1537,2.8406211640685797
1538,8.058123057708144
1539,1.3162207324057817
1540,1.5024852473288774
1541,3.1318922992795706
1542,1.3200042303651571
1543,4.618748789653182
1544,0.5574838723987341
1545,0.9181239875033498
1546,0.6962509360164404
1547,3.7875142879784107
1548,1.8831342458724976
1549,1.716864062473178
1550,1.2568634701892734
1551,0.3224849933758378
1552,0.37500285543501377
1553,5.64310175832361
1554,4.18313720729202
1555,0.48753281589597464
1556,0.4087487468495965
1557,1.258755219168961
1558,2.2312597138807178
1559,1.1837546480819583
1560,0.5631154635921121
1561,3.2474781619384885
1562,4.13939415011555
1563,2.74376361630857
1564,3.5662524169310927
1565,2.4993496481329203
1566,6.208138074725866
1567,2.0049919839948416
1568,0.9562500054016709
1569,0.4162575351074338
1570,0.9268696885555983
1571,1.2899981811642647
1572,7.551891030743718
1573,1.0081130312755704
1574,0.6862537702545524
1575,1.0062649380415678
1576,2.3131142370402813
1577,2.3993925424292684
1578,0.4181347321718931
1579,1.1124939192086458
1580,4.450615961104631
1581,1.4943798305466771
1582,2.8049980755895376
1583,1.5900004655122757
1584,1.1787633411586285
1585,3.6831334000453353
1586,1.100008375942707
1587,2.5756453396752477
1588,4.393747076392174
1589,1.9849976524710655
1590,5.469366442412138
1591,4.18313720729202
1592,0.7343624019995332
1593,2.233093255199492
1594,2.526270691305399
1595,1.7850106814876199
1596,0.8706265361979604
1597,0.5693727871403098
1598,0.6181362550705671
1599,1.234991941601038
1600,4.080648068338633
1601,2.5268818717449903
1602,6.624992238357663
1603,8.42312874738127
1604,1.2993841664865613
1605,1.094376784749329
1606,2.361222868785262
1607,3.0268856789916754
1608,0.7787457434460521
1609,4.686255124397576
1610,0.5168840289115906
1611,0.8718634489923716
1612,0.38124562706798315
1613,1.536260242573917
1614,2.976885298267007
1615,3.0099909054115415
1616,0.9312498150393367
1617,0.3937457222491503
1618,6.810019840486348
1619,3.4487457014620304
1620,1.0968797141686082
1621,0.9575014701113105
1622,0.317493686452508
1623,1.740627340041101
1624,3.565000952221453
1625,1.3387470971792936
1626,4.691246431320906
1627,0.5031470209360123
1628,2.6262569008395076
1629,4.215617082081735
1630,1.1881202226504683
1631,6.0312304412946105
1632,0.8918868843466043
1633,0.7693597581237555
1634,0.5731271812692285
1635,2.035623765550554
1636,4.755624104291201
1637,4.826870281249285
1638,2.468121238052845
1639,1.0468793334439397
1640,1.9425206119194627
1641,0.591870048083365
1642,6.166243110783398
1643,0.9543728083372116
1644,1.9312428776174784
1645,0.5074834916740656
1646,4.171874024905264
1647,3.8825091905891895
1648,1.9637373043224216
1649,0.5512411007657647
1650,6.405636668205261
1651,2.22500239033252
1652,1.8193532014265656
1653,0.5893671186640859
1654,0.34875120036303997
1655,5.661888280883431
1656,2.5287445168942213
1657,5.415000487118959
1658,1.016232999972999
1659,4.668123438023031
1660,2.365617547184229
1661,0.46374043449759483
1662,3.668130375444889
1663,0.358748366124928
1664,1.3037497410550714
1665,3.74876253772527
1666,0.3130990080535412
1667,0.8781353244557977
1668,4.995614290237427
1669,3.7825084291398525
1670,1.7218553693965077
1671,1.1687661753967404
1672,7.1425019996240735
1673,0.8168717613443732
1674,0.6506306817755103
1675,3.889392246492207
1676,2.0131265046074986
1677,1.3575045159086585
1678,0.3287568688392639
1679,3.374982043169439
1680,1.2118835002183914
1681,3.384397132322192
1682,8.014976629056036
1683,3.1381205189973116
1684,0.6737391231581569
1685,0.8281203918159008
1686,2.6625202735885978
1687,3.0737428460270166
1688,2.344997483305633
1689,1.0687363101169467
1690,0.29624789021909237
1691,0.9575014701113105
1692,0.9106297511607409
1693,3.8806028896942735
1694,0.9581126505509019
1695,1.3343524187803268
1696,0.5949987098574638
1697,0.9856303222477436
1698,3.5381526686251163
1699,0.7481139618903399
1700,0.881875166669488
1701,6.136251613497734
1702,2.7087662601843476
1703,0.49437221605330706
1704,2.266853698529303
1705,1.21563789434731
1706,1.13749410957098
1707,0.5237379809841514
1708,2.1368905436247587
1709,5.780006176792085
1710,1.5837722457945347
1711,0.8312490535899997
1712,0.3831228241324425
1713,1.3137760106474161
1714,2.139393473044038
1715,1.2362434063106775
1716,0.4168687155470252
1717,0.5631300155073404
1718,8.653747499920428
1719,6.262504030019045
1720,0.8318747859448195
1721,2.5856425054371357
1722,2.1818705135956407
1723,3.4005934139713645
1724,0.5868641892448068
1725,2.766260877251625
1726,0.8893694030120969
1727,0.6799964467063546
1728,0.690604792907834
1729,2.168118953704834
1730,0.3443565219640732
1731,1.6412377590313554
1732,4.3412583181634545
1733,0.3993482096120715
1734,2.6406050892546773
1735,2.58248473983258
1736,3.3093674574047327
1737,2.318731276318431
1738,2.031869371421635
1739,0.627493136562407
1740,1.1218799045309424
1741,5.2231334848329425
1742,0.8356437319889665
1743,0.8012575563043356
1744,0.3106397343799472
1745,6.1506289057433605
1746,0.9999930625781417
1747,4.600035026669502
1748,1.1350057320669293
1749,0.9393843356519938
1750,2.0687293726950884
1751,3.6750134313479066
1752,2.31250305660069
1753,8.941904525272548
1754,1.360021997243166
1755,3.3224787330254912
1756,0.500003807246685
1757,3.5750126698985696
1758,1.0612420737743378
1759,1.7568963812664151
1760,4.264991730451584
1761,0.3575260052457452
1762,0.47123467084020376
1763,4.2468891479074955
1764,0.9118521120399237
1765,3.5362609196454287
1766,1.8624996300786734
1767,1.9574945326894522
1768,2.827466232702136
1769,0.5068577593192458
1770,2.9937218641862273
1771,3.612469299696386
1772,1.1924857972189784
1773,3.017470589838922
1774,0.5318579496815801
1775,8.248112862929702
1776,2.0162115106359124
1777,0.6175105227157474
1778,6.72000169288367
1779,0.3887253114953637
1780,3.2418465707451105
1781,3.3224932849407196
1782,3.6487472243607044
1783,2.186250640079379
1784,0.744985300116241
1785,1.1937663657590747
1786,7.193739293143153
1787,1.239357516169548
1788,3.9074948290362954
1789,0.3950408427044749
1790,1.3974786270409822
1791,2.473127096891403
1792,2.7431087801232934
1793,0.5106267053633928
1794,5.406895070336759
1795,0.7906055543571711
1796,0.6893824320286512
1797,1.134991180151701
1798,1.078748027794063
1799,3.290624590590596
1800,4.007495590485632
1801,1.6087578842416406
1802,1.330627128481865
1803,2.670625690370798
1804,1.5912228263914585
1805,8.922521374188364
1806,6.514994311146438
1807,2.031869371421635
1808,0.4843459464609623
1809,1.26188388094306
1810,5.078734830021858
1811,1.09187385533005
1812,0.3387394826859236
1813,0.9231152944266796
1814,3.402514266781509
1815,0.8768693078309298
1816,3.727502189576626
1817,0.8656352292746305
1818,1.3925309758633375
1819,1.7481361282989383
1820,1.1305965017527342
1821,3.6549754440784454
1822,2.9668735805898905
1823,2.2487511159852147
1824,3.2825046218931675
1825,0.6568880053237081
1826,0.9212380973622203
1827,0.4637549864128232
1828,0.690008164383471
1829,7.857510354369879
1830,3.3443793654441833
1831,8.694376447238028
1832,3.519380697980523
1833,0.5906185833737254
1834,0.3187597030773759
1835,1.3224926078692079
1836,0.7031194400042295
1837,1.946260454133153
1838,2.042492269538343
1839,2.711880370043218
1840,2.431872417218983
1841,0.3924942575395107
1842,1.9543804228305817
1843,1.4750112313777208
1844,0.546890078112483
1845,0.8612405508756638
1846,1.1143711162731051
1847,3.975030267611146
1848,0.8581264410167933
1849,0.886240741237998
1850,2.864995622076094
1851,2.7493806555867195
1852,5.323119694367051
1853,2.1187588572502136
1854,2.3375177988782525
1855,1.3093958841636777
1856,1.0493677109479904
1857,1.0499934433028102
1858,0.30187948141247034
1859,2.3706379579380155
1860,2.2149906726554036
1861,1.848122337833047
1862,1.13749410957098
1863,0.966247171163559
1864,1.0649964679032564
1865,2.9393850127235055
1866,5.396257620304823
1867,2.6212655939161777
1868,1.6706471797078848
1869,1.6074918676167727
1870,2.523738658055663
1871,2.9918737709522247
1872,2.8212525648996234
1873,1.952488673850894
1874,0.4118774086236954
1875,1.0206422302871943
1876,4.48626815341413
1877,0.7500057108700275
1878,0.47378125600516796
1879,0.8318602340295911
1880,5.313762812875211
1881,0.6599875632673502
1882,1.3012613635510206
1883,0.4118774086236954
1884,3.0981318559497595
1885,1.5550031093880534
1886,0.9931536624208093
1887,0.3962486516684294
1888,1.154985511675477
1889,1.6012636478990316
1890,6.28936686553061
1891,0.8999777492135763
1892,0.33063406590372324
1893,0.944390194490552
1894,0.49437221605330706
1895,6.178743205964565
1896,5.295631126500666
1897,1.9337603589519858
1898,8.120652637444437
1899,5.130001227371395
1900,4.755609552375972
1901,0.5424953997135162
1902,3.556866431608796
1903,6.902511813677847
1904,5.424386472441256
1905,2.901884727180004
1906,0.35999983083456755
1907,0.913729309104383
1908,3.278124495409429
1909,4.8481160774827
1910,0.36938581615686417
1911,2.3143511498346925
1912,2.6449852157384157
1913,0.9387440513819456
1914,4.166868166066706
1915,3.2881071092560887
1916,0.7956259651109576
1917,0.9850191418081522
1918,2.4875043891370296
1919,5.4212723625823855
1920,1.7768616089597344
1921,0.7068592822179198
1922,0.8356146281585097
1923,2.2093881852924824
1924,3.3306132536381483
1925,1.1456577340140939
1926,1.926266122609377
1927,1.0056101018562913
1928,0.3731111064553261
1929,1.8937716959044337
1930,0.37874269764870405
1931,2.1599698811769485
1932,2.6487541617825627
1933,1.9731087377294898
1934,2.887478331103921
1935,1.5081168385222554
1936,1.3556273188441992
1937,2.4268374545499682
1938,0.9843643056228757
1939,2.18312197830528
1940,1.1456286301836371
1941,6.540620233863592
1942,1.797510776668787
1943,3.892491804435849
1944,4.66001802124083
1945,2.326240064576268
1946,2.439395757392049
1947,1.4300167094916105
1948,1.0068615665659308
1949,1.6150152077898383
1950,1.4125107554718852
1951,2.4818582460284233
1952,0.5581096047535539
1953,2.085609594359994
1954,1.4356337487697601
1955,4.442495992407203
1956,3.401888534426689
1957,2.487475285306573
1958,0.3099848981946707
1959,1.474982127547264
1960,0.590007402934134
1961,0.49002119340002537
1962,0.5168985808268189
1963,2.9343791538849473
1964,3.9693695725873113
1965,1.705004251562059
1966,1.361884642392397
1967,0.7306516636162996
1968,1.0068615665659308
1969,2.4562468752264977
1970,0.5100155249238014
1971,0.6493792170658708
1972,1.987515133805573
1973,1.7012644093483686
1974,1.6612466424703598
1975,0.9887444321066141
1976,0.4718749551102519
1977,1.0793737601488829
1978,1.766253262758255
1979,0.7318740244954824
1980,1.726264599710703
1981,3.4031399991363287
1982,1.629363396205008
1983,1.7606362234801054
1984,1.2118543963879347
1985,0.8968636393547058
1986,8.868781151250005
1987,2.7962669264525175
1988,1.7993879737332463
1989,3.7093996070325375
1990,1.230626367032528
1991,2.1225132513791323
1992,0.6675109034404159
1993,0.7125054253265262
1994,1.1562660802155733
1995,3.951237886212766
1996,5.287525709718466
1997,1.501874066889286
1998,2.3587490431964397
1999,8.303119102492929
2000,1.050022547133267
2001,0.5531037459149957
2002,2.1487503545358777
2003,2.804386895149946
2004,0.9987415978685021
2005,2.8974900487810373
2006,3.034365363419056
2007,2.737506292760372
2008,0.4875037120655179
2009,0.5637266440317035
2010,1.8031278159469366
2011,3.4368858905509114
2012,3.369990736246109
2013,1.280612195841968
2014,0.9168870747089386
2015,3.0562805477529764
2016,3.910608938895166
2017,2.4443725124001503
2018,2.7399801183491945
2019,3.1680974643677473
2020,2.3356114979833364
2021,4.0043669287115335
2022,3.1731469789519906
2023,2.8331123758107424
2024,0.7875205483287573
2025,3.5331177059561014
2026,2.5349872885271907
2027,1.7231068341061473
2028,4.05937316827476
2029,0.3543682396411896
2030,4.016255843453109
2031,0.560612534172833
2032,1.8556311260908842
2033,1.550622982904315
2034,0.7144117262214422
2035,0.7362541509792209
2036,3.9500155253335834
2037,3.1400268198922276
2038,1.5312398318201303
2039,0.7225171430036426
2040,1.1169177014380693
2041,4.2743777157738805
2042,5.069377948530018
2043,5.40813198313117
2044,5.331879947334528
2045,1.8131249817088246
2046,0.7450289558619261
2047,4.318761057220399
2048,0.9387294994667172
2049,3.390014171600342
2050,1.8681312212720513
2051,5.003777914680541
2052,3.7712743505835533
2053,1.6556296031922102
2054,1.1343799997121096
2055,2.846267307177186
2056,4.387489752843976
2057,2.001237589865923
2058,2.4162582121789455
2059,1.3825192581862211
2060,3.8350117392838
2061,1.0649673640727997
2062,1.2550008250400424
2063,1.7356360331177711
2064,2.2181193344295025
2065,0.8275383152067661
2066,9.407507604919374
2067,0.9712675819173455
2068,0.480009475722909
2069,3.9000005926936865
2070,3.3181277103722095
2071,1.568114385008812
2072,2.8456415748223662
2073,0.7924827514216304
2074,3.873763489536941
2075,0.78437733463943
2076,0.31187664717435837
2077,1.7443671822547913
2078,1.8900027498602867
2079,1.4087418094277382
2080,1.2712262105196714
2081,2.886881702579558
2082,1.5531404642388225
2083,1.1874944902956486
2084,2.05499236471951
2085,1.490014255978167
2086,0.3143650246784091
2087,0.6506306817755103
2088,6.904374458827078
2089,2.0000006770715117
2090,1.776250428520143
2091,3.3037649700418115
2092,2.488144673407078
2093,2.113782102242112
2094,0.4287721822038293
2095,0.6731279427185655
2096,1.9099970813840628
2097,3.5981356631964445
2098,1.4456163626164198
2099,3.867491614073515
2100,1.6030971892178059
2101,6.98812073096633
2102,6.361282430589199
2103,1.4512479538097978
2104,4.648769390769303
2105,3.0831288313493133
2106,1.9756407709792256
2107,0.5174806574359536
2108,1.4737597666680813
2109,0.8362403605133295
2110,1.024396624416113
2111,1.7543788999319077
2112,3.827502951025963
2113,4.476256435737014
2114,2.2900057956576347
2115,2.620014129206538
2116,4.033136065118015
2117,3.4012191463261843
2118,2.389977453276515
2119,0.5362526280805469
2120,0.8499773684889078
2121,0.9512586984783411
2122,0.34375989343971014
2123,1.4425022527575493
2124,1.986249117180705
2125,1.641892595216632
2126,1.097505446523428
2127,5.430643795989454
2128,4.349989467300475
2129,0.3099848981946707
2130,4.935020115226507
2131,0.3050226951017976
2132,5.208115908317268
2133,2.1518790163099766
2134,0.3424938768148422
2135,1.1693773558363318
2136,0.6618793122470379
2137,1.7762649804353714
2138,0.6587652023881674
2139,5.410605808719993
2140,1.7543788999319077
2141,1.417502062395215
2142,3.796885721385479
2143,0.3062450559809804
2144,0.4724861355498433
2145,0.4212488420307636
2146,1.239357516169548
2147,3.695618943311274
2148,3.203109372407198
2149,1.08251697383821
2150,3.3562391763553023
2151,0.8462811820209026
2152,2.4618784664198756
2153,0.9893992682918906
2154,0.946893123909831
2155,1.633132342249155
2156,1.0681396815925837
2157,2.571250661276281
2158,0.5275214789435267
2159,2.025641151703894
2160,5.148147465661168
2161,0.3968452801927924
2162,5.430018063634634
2163,0.392465153709054
2164,2.5356130208820105
2165,0.5893525667488575
2166,2.1000014385208488
2167,1.1299853213131428
2168,0.36123674362897873
2169,7.809998351149261
2170,3.7356512621045113
2171,5.915644578635693
2172,0.433123204857111
2173,2.749366103671491
2174,0.43251202441751957
2175,1.9168801372870803
2176,2.6418856577947736
2177,3.435634425841272
2178,0.8231436368077993
2179,1.0999938240274787
2180,2.964996383525431
2181,4.895628080703318
2182,1.0893854778259993
2183,0.6387708708643913
2184,3.61938145942986
2185,2.0549778128042817
2186,6.62938691675663
2187,3.931272658519447
2188,5.288151442073286
2189,0.5037145456299186
2190,1.8756254576146603
2191,2.206841600127518
2192,1.09187385533005
2193,3.243738319724798
2194,1.5093828551471233
2195,1.5212426660582423
2196,0.41812018025666475
2197,5.169393261894584
2198,0.5605979822576046
2199,1.783744664862752
2200,0.3075110726058483
2201,1.6424746718257666
2202,2.3981265258044004
2203,3.0056253308430314
2204,1.637497916817665
2205,0.5350011633709073
2206,5.365014658309519
2207,1.8106075003743172
2208,0.3624882083386183
2209,1.1168740456923842
2210,1.015636371448636
2211,0.8831266313791275
2212,0.6087502697482705
2213,1.4187389751896262
2214,0.5781184881925583
2215,4.053756128996611
2216,2.3137545213103294
2217,1.4224933693185449
2218,0.37185964174568653
2219,0.8600181899964809
2220,1.7768761608749628
2221,2.2843742044642568
2222,0.9187497198581696
2223,1.1012161849066615
2224,0.8049828466027975
2225,1.491876901127398
2226,5.993104423396289
2227,2.648128429427743
2228,3.2199895940721035
2229,5.512498319149017
2230,0.7906492101028562
2231,0.32500247471034527
2232,0.796237145550549
2233,2.8899958124384284
2234,3.779394319280982
2235,2.3137545213103294
2236,2.0293809939175844
2237,2.483109710738063
2238,0.4118774086236954
2239,2.941233105957508
2240,4.245011950843036
2241,0.6674817996099591
2242,3.9431179175153375
2243,1.2706295819953084
2244,0.8156202966347337
2245,2.7393834898248315
2246,0.7475027814507484
2247,0.6256304914131761
2248,1.1087540769949555
2249,2.7306086849421263
2250,0.5031179171055555
2251,3.726279828697443
2252,2.194370608776808
2253,0.5275069270282984
2254,0.478146830573678
2255,3.6381243262439966
2256,2.929373295046389
2257,0.9924988262355328
2258,0.7262569852173328
2259,1.6137200873345137
2260,1.4499964891001582
2261,2.828135620802641
2262,3.0012597562745214
2263,0.5981419235467911
2264,1.9037688616663218
2265,1.1530937626957893
2266,2.621876774355769
2267,3.5950070014223456
2268,2.0512379705905914
2269,4.1474850149825215
2270,1.9699946278706193
2271,0.48124638851732016
2272,1.2025120668113232
2273,2.2637395886704326
2274,3.3162650652229786
2275,6.042493623681366
2276,0.5275069270282984
2277,2.9875081963837147
2278,4.500019713304937
2279,1.2631062418222427
2280,1.744396286085248
2281,3.874360118061304
2282,0.4750036168843508
2283,1.333130057901144
2284,0.7868511602282524
2285,3.6006385926157236
2286,0.5512265488505363
2287,2.995613613165915
2288,8.238130249083042
2289,1.861888449639082
2290,0.7593916961923242
2291,0.9168725227937102
2292,2.056855009868741
2293,3.18375532515347
2294,7.034395821392536
2295,0.7619091775268316
2296,1.1512602213770151
2297,0.43748877942562103
2298,1.8862774595618248
2299,0.6181508069857955
2300,4.5706110540777445
2301,1.17001764010638
2302,0.7306225597858429
2303,0.5193724064156413
2304,1.3224635040387511
2305,1.466250978410244
2306,0.9756186045706272
2307,2.2525200620293617
2308,1.5724945114925504
2309,0.7375056156888604
2310,1.020001946017146
2311,0.3100140020251274
2312,2.0981242414563894
2313,1.8181308405473828
2314,2.92687036562711
2315,3.496883437037468
2316,1.5918485587462783
2317,4.617526428773999
2318,2.102518919855356
2319,0.4468602128326893
2320,0.8562637958675623
2321,7.830007234588265
2322,1.1537631507962942
2323,3.0443770810961723
2324,2.624408807605505
2325,1.3381068129092455
2326,0.5968613550066948
2327,4.23500023316592
2328,2.2131280275061727
2329,0.4799949238076806
2330,6.608766852878034
2331,0.5487672751769423
2332,1.2681266525760293
2333,3.683759132400155
2334,0.30249066185206175
2335,1.4106190064921975
2336,2.3881293600425124
2337,2.3837346816435456
2338,0.9537616278976202
2339,1.460022758692503
2340,1.0006187949329615
2341,1.1137453839182854
2342,2.080618287436664
2343,2.8600043151527643
2344,0.33875403460115194
2345,2.234402927570045
2346,1.2562377378344536
2347,1.2968957889825106
2348,0.8287752280011773
2349,1.8612627172842622
2350,4.600602551363409
2351,1.1268712114542723
2352,1.025633537210524
2353,3.4406111808493733
2354,3.7006393540650606
2355,0.6925110938027501
2356,4.593137418851256
2357,1.617503585293889
2358,5.993133527226746
2359,1.8387509044259787
2360,5.496243829838932
2361,1.237494871020317
2362,1.0081275831907988
2363,0.5824986146762967
2364,2.4356122594326735
2365,7.029986591078341
2366,0.8762290235608816
2367,0.35876291804015636
2368,0.358748366124928
2369,3.7780991988256574
2370,2.0468869479373097
2371,1.1987285688519478
2372,0.33309333957731724
2373,0.5412439350038767
2374,1.5137484297156334
2375,0.9068462532013655
2376,2.7556379791349173
2377,2.8368958737701178
2378,2.7562346076592803
2379,2.3556058295071125
2380,1.1375086614862084
2381,1.7187558114528656
2382,1.4949764590710402
2383,0.5731271812692285
2384,0.3806489985436201
2385,2.349363057874143
2386,3.033099346794188
2387,1.0849907994270325
2388,1.638763933442533
2389,0.9406212484464049
2390,0.7468624971807003
2391,1.3950048014521599
2392,3.163760993629694
2393,6.919362931512296
2394,1.2849923223257065
2395,0.6599584594368935
2396,1.601874828338623
2397,2.221873728558421
2398,0.4856265150010586
2399,0.7618655217811465
2400,0.6443588063120842
2401,2.907516318373382
2402,0.6293848855420947
2403,1.7387501429766417
2404,0.9275099728256464
2405,3.355002263560891
2406,0.7056223694235086
2407,1.6081175999715924
2408,7.85874726716429
2409,0.5574838723987341
2410,0.9249924914911389
2411,0.9400100680068135
2412,3.59184923581779
2413,6.823145668022335
2414,0.6025220500305295
2415,0.7275084499269724
2416,7.979979272931814
2417,3.5306293284520507
2418,0.8556235115975142
2419,1.2837554095312953
2420,0.4518515197560191
2421,0.3475142875686288
2422,2.728105755522847
2423,1.351887476630509
2424,1.817505108192563
2425,6.064365152269602
2426,5.14314160682261
2427,5.690642865374684
2428,2.292508725076914
2429,1.5862169675529003
2430,0.6318732630461454
2431,1.95876054931432
2432,0.6462505552917719
2433,0.8118804544210434
2434,0.8768984116613865
2435,1.2556265573948622
2436,5.576890544034541
2437,0.8587667252868414
2438,6.057525752112269
2439,1.8218852346763015
2440,2.205008058808744
2441,1.823136699385941
2442,0.4331086529418826
2443,1.8581049516797066
2444,0.4893809091299772
2445,5.781243089586496
2446,0.864980393089354
2447,1.6043632058426738
2448,0.4868925316259265
2449,3.1818635761737823
2450,4.05500759370625
2451,4.909379640594125
2452,6.231872248463333
2453,0.653119059279561
2454,1.2849923223257065
2455,3.300607204437256
2456,1.1075317161157727
2457,0.5737529136240482
2458,0.8331116987392306
2459,1.341264578513801
2460,5.435620550997555
2461,0.8818606147542596
2462,1.2012606021016836
2463,2.39064684137702
2464,3.1931267585605383
2465,0.7462367648258805
2466,0.6818445399403572
2467,4.5000051613897085
2468,4.0062295738607645
2469,4.437504685483873
2470,2.2131134755909443
2471,2.725602826103568
2472,1.5494006220251322
2473,0.5343608791008592
2474,3.640001523308456
2475,1.3012613635510206
2476,2.7056375984102488
2477,1.1399824870750308
2478,0.6556074367836118
2479,0.850617652758956
2480,0.8450006134808064
2481,4.9587542889639735
2482,2.9830989660695195
2483,0.7875059964135289
2484,8.908144081942737
2485,0.3281456883996725
2486,9.202485671266913
2487,7.760623702779412
2488,0.3774912329390645
2489,5.760011845268309
2490,0.7331109372898936
2491,1.1599913705140352
2492,0.9693758329376578
2493,0.34811091609299183
2494,0.4868925316259265
2495,5.3287658374756575
2496,0.5524780135601759
2497,8.99874430615455
2498,5.040608812123537
2499,0.34560798667371273
2500,1.7200072761625051
2501,1.8525024643167853
2502,0.43498585000634193
2503,3.5550183383747935
2504,0.6968912202864885
2505,0.4118774086236954
2506,3.728739102371037
2507,0.8024944690987468
2508,0.3212189767509699
2509,0.9218929335474968
2510,0.5168985808268189
2511,5.230627721175551
2512,2.7762289391830564
2513,1.740030711516738
2514,6.892485544085503
2515,1.3162934919819236
2516,0.43751788325607777
2517,3.448090865276754
2518,7.592490874230862
2519,0.5381152732297778
2520,3.97249823436141
2521,2.673754352144897
2522,3.408786142244935
2523,1.997512299567461
2524,0.5874899215996265
2525,1.9868894014507532
2526,1.094376784749329
2527,2.153756213374436
2528,0.35938865039497614
2529,0.639352947473526
2530,0.801868736743927
2531,2.6725028874352574
2532,2.0843726815655828
2533,2.3262546164914966
2534,1.2481323210522532
2535,1.7331185517832637
2536,2.3668690118938684
2537,1.1187366908416152
2538,1.223132130689919
2539,4.178102244623005
2540,1.654989318922162
2541,1.4112592907622457
2542,1.3968674466013908
2543,2.457527443766594
2544,4.326284397393465
2545,1.1318479664623737
2546,0.7955968612805009
2547,1.2268719729036093
2548,0.7831113180145621
2549,1.7962593119591475
2550,1.2756354408338666
2551,0.6656337063759565
2552,8.276241715066135
2553,5.745605449192226
2554,6.604372174479067
2555,0.5581241566687822
2556,0.5037290975451469
2557,0.9499781299382448
2558,1.1831143638119102
2559,2.4856417439877987
2560,4.221234121359885
2561,1.491876901127398
2562,1.7412530723959208
2563,2.1256273612380028
2564,4.063767846673727
2565,9.12936229724437
2566,1.8881401047110558
2567,5.956870154477656
2568,0.6168847903609276
2569,1.0743679013103247
2570,0.40311715565621853
2571,1.4449906302616
2572,3.7855934351682663
2573,6.93625770509243
2574,3.5381235647946596
2575,4.3425243347883224
2576,1.130625605583191
2577,0.6999907782301307
2578,4.028130206279457
2579,2.97249061986804
2580,4.926856490783393
2581,2.5981280487030745
2582,0.42123429011553526
2583,0.8768693078309298
2584,6.311252946034074
2585,5.358728230930865
2586,0.6718764780089259
2587,2.6568741304799914
2588,1.1612428352236748
2589,0.7412454579025507
2590,1.0462390491738915
2591,1.9343715393915772
2592,8.81188316270709
2593,0.9987270459532738
2594,0.6731279427185655
2595,2.543732989579439
2596,6.670656148344278
2597,0.6844056770205498
2598,0.8631177479401231
2599,0.7518683560192585
2600,0.8249917300418019
2601,0.30815135687589645
2602,1.1856318451464176
2603,4.201836418360472
2604,1.6818667063489556
2605,0.7131311576813459
2606,3.196240868419409
2607,2.545028110034764
2608,2.020635292865336
2609,1.1231459211558104
2610,7.121212547644973
2611,1.7556303646415472
2612,0.7893686415627599
2613,0.6693735485896468
2614,0.37686550058424473
2615,6.278743967413902
2616,1.1362426448613405
2617,1.649357727728784
2618,2.4550099624320865
2619,0.5825131665915251
2620,1.0862568160519004
2621,1.3237586244940758
2622,0.3906170604750514
2623,3.9543810999020934
2624,5.003137630410492
2625,2.6206107577309012
2626,2.995016984641552
2627,1.6512349247932434
2628,3.045002813450992
2629,1.1668744264170527
2630,5.621870514005423
2631,1.1281226761639118
2632,0.5187612259760499
2633,2.857501385733485
2634,0.421263393945992
2635,2.741260686889291
2636,2.625631168484688
2637,6.67874701321125
2638,2.314365701749921
2639,4.298737621866167
2640,2.8187641873955727
2641,4.903748049400747
2642,0.9868672350421548
2643,2.0956213120371103
2644,3.473760443739593
2645,7.052527507767081
2646,0.7250055205076933
2647,0.3031309461221099
2648,0.8368660928681493
2649,5.59623003937304
2650,5.482506821863353
2651,1.705644535832107
2652,0.7418857421725988
2653,1.5756086213514209
2654,0.7387425284832716
2655,0.5893816705793142
2656,6.178132025524974
2657,3.6006240407004952
2658,2.733766450546682
2659,1.3950048014521599
2660,2.081884304061532
2661,0.9725044947117567
2662,0.513726263307035
2663,1.4581019058823586
2664,3.6618730518966913
2665,1.256252289749682
2666,5.499401595443487
2667,4.495610482990742
2668,0.7706403266638517
2669,1.8818536773324013
2670,1.0787625797092915
2671,2.4093606043606997
2672,4.265602910891175
2673,1.3593817129731178
2674,0.8425122359767556
2675,0.8218630682677031
2676,0.33246760722249746
2677,2.1787709556519985
2678,3.1925010262057185
2679,1.7656275304034352
2680,1.5287514543160796
2681,2.7206115191802382
2682,1.2868695193901658
2683,2.0106235751882195
2684,4.7706125769764185
2685,0.41561725083738565
2686,4.124391125515103
2687,6.443777238018811
2688,0.9475334081798792
2689,0.37185964174568653
2690,0.7449707482010126
2691,2.26189149543643
2692,1.3087555998936296
2693,4.069370334036648
2694,1.1181400623172522
2695,1.1668598745018244
2696,3.726876457221806
2697,4.275018000043929
2698,1.4037650544196367
2699,0.6537738954648376
2700,0.6718619260936975
2701,0.6931368261575699
2702,2.6825000531971455
2703,3.228735295124352
2704,3.322507836855948
2705,0.4075263859704137
2706,0.5362380761653185
2707,0.5012552719563246
2708,2.7825008146464825
2709,3.9025035221129656
2710,0.5143519956618547
2711,1.8062273738905787
2712,4.335626726970077
2713,2.116241375915706
2714,1.0393850971013308
2715,0.8618662832304835
2716,2.0231527741998434
2717,0.3962777554988861
2718,0.3950117388740182
2719,1.0250223567709327
2720,1.1762167559936643
2721,1.9487488316372037
2722,0.6612535798922181
2723,5.551846697926521
2724,5.469366442412138
2725,3.9199949242174625
2726,1.629363396205008
2727,1.4912657206878066
2728,3.130000550299883
2729,0.5262554623186588
2730,0.5337351467460394
2731,1.4793913578614593
2732,1.1793745215982199
2733,3.7831341614946723
2734,1.6356207197532058
2735,1.6606500139459968
2736,3.4543918445706367
2737,0.5293841240927577
2738,2.9093935154378414
2739,5.8862497098743916
2740,2.8031354304403067
2741,1.1637457646429539
2742,0.4674948286265135
2743,2.0250154193490744
2744,4.014393198303878
2745,0.9637442417442799
2746,0.8668575901538134
2747,7.194365025497973
2748,2.3687316570430994
2749,1.1555966921150684
2750,0.7206544978544116
2751,1.9262370187789202
2752,0.8481001714244485
2753,0.9775103535503149
2754,1.1306110536679626
2755,0.34437107387930155
2756,0.8843635441735387
2757,2.2819003788754344
2758,2.9705988708883524
2759,0.634987372905016
2760,0.4768808139488101
2761,1.2643577065318823
2762,3.5430857678875327
2763,0.7224880391731858
2764,1.1050287866964936
2765,1.978114596568048
2766,0.70186797529459
2767,0.30687078833580017
2768,3.2249809009954333
2769,4.288114723749459
2770,1.6300182323902845
2771,2.156855771318078
2772,1.2987584341317415
2773,1.2906239135190845
2774,3.733744961209595
2775,5.926223821006715
2776,1.6987469280138612
2777,6.3774932641536
2778,0.6969057722017169
2779,3.6081328289583325
2780,0.5149922799319029
2781,2.12939630728215
2782,4.705623723566532
2783,0.5350011633709073
2784,2.606248017400503
2785,2.0343868527561426
2786,0.31935633160173893
2787,0.4012399585917592
2788,0.6687623681500554
2789,0.38313737604767084
2790,5.2449904615059495
2791,2.4500186555087566
2792,1.7656275304034352
2793,5.866240826435387
2794,0.5049951141700149
2795,0.9199866326525807
2796,3.813751391135156
2797,2.457483788020909
2798,0.8625065675005317
2799,0.4106404958292842
2800,2.0862353267148137
2801,2.7093628887087107
2802,5.591253284364939
2803,1.8049759091809392
2804,2.0712323021143675
2805,5.317488103173673
2806,0.32373645808547735
2807,5.813752068206668
2808,2.3031316231936216
2809,0.7668859325349331
2810,2.36685445997864
2811,1.109365257434547
2812,1.6518606571480632
2813,1.8056307453662157
2814,2.053129719570279
2815,7.171256584115326
2816,0.6006303010508418
2817,1.1987722245976329
2818,3.5537377698346972
2819,0.3430759534239769
2820,0.7549970177933574
2821,0.7281341822817922
2822,2.2193562472239137
2823,1.521228114143014
2824,3.1449890229851007
2825,2.8931244742125273
2826,9.20625461731106
2827,0.3331078914925456
2828,4.9687077989801764
2829,0.5330948624759912
2830,1.5068944776430726
2831,7.216236554086208
2832,4.886853275820613
2833,8.077506208792329
2834,2.88062437903136
2835,3.1143863452598453
2836,1.419364707544446
2837,0.8887436706572771
2838,0.47436333261430264
2839,2.171887899748981
2840,9.197508916258812
2841,7.856899173930287
2842,0.8887291187420487
2843,0.44876651372760534
2844,2.098109689541161
2845,0.384374288842082
2846,5.017514922656119
2847,7.271271897479892
2848,4.020606866106391
2849,6.737478543072939
2850,1.010004780255258
2851,0.8125207386910915
2852,3.657492925412953
2853,0.6694026524201035
2854,2.2312597138807178
2855,2.073153154924512
2856,1.2968812370672822
2857,7.606897270306945
2858,2.829372533597052
2859,4.711226210929453
2860,0.5537440301850438
2861,3.6955898394808173
2862,0.6124901119619608
2863,2.994973328895867
2864,3.985624061897397
2865,2.8106587706133723
2866,1.0212388588115573
2867,0.5556212272495031
2868,2.110013156197965
2869,4.900619387626648
2870,0.7612397894263268
2871,0.3324967110529542
2872,3.6262208595871925
2873,0.3568566171452403
2874,3.1387608032673597
2875,1.8537539290264249
2876,0.5143810994923115
2877,0.7443595677614212
2878,1.2537348084151745
2879,2.6256166165694594
2880,0.5862821126356721
2881,0.4368775989860296
2882,0.3550085239112377
2883,1.3074895832687616
2884,4.601854016073048
2885,3.864362952299416
2886,0.38252619560807943
2887,0.5500041879713535
2888,3.204375389032066
2889,3.505614586174488
2890,9.1749825514853
2891,5.021851393394172
2892,0.4925095709040761
2893,6.727481377311051
2894,2.200613380409777
2895,2.684348146431148
2896,1.4143879525363445
2897,0.9706418495625257
2898,1.2843665899708867
2899,1.5037512639537454
2900,6.2818871811032295
2901,1.5631230780854821
2902,1.2850214261561632
2903,0.45815249904990196
2904,1.4412507880479097
2905,0.3818859113380313
2906,2.328131813555956
2907,1.2524687917903066
2908,0.6356276571750641
2909,0.8243659976869822
2910,1.6762642189860344
2911,0.5268811946734786
2912,3.9106380427256227
2913,1.0306102922186255
2914,2.098749973811209
2915,1.5699915820732713
2916,2.4050241336226463
2917,1.2550299288704991
2918,5.720023182220757
2919,2.6937777874991298
2920,0.8981296559795737
2921,2.4899927666410804
2922,0.9649666026234627
2923,0.6662303349003196
2924,1.548760337755084
2925,1.9306025933474302
2926,6.80687662679702
2927,5.306254024617374
2928,0.6243644747883081
2929,2.574990503489971
2930,1.3068492989987135
2931,1.759981387294829
2932,9.328112355433404
2933,1.5725090634077787
2934,2.3818574845790863
2935,1.0437797755002975
2936,1.3669196050614119
2937,2.487475285306573
2938,0.6062618922442198
2939,6.457499694079161
2940,1.6243866411969066
2941,0.49811205826699734
2942,4.039975465275347
2943,0.8137722034007311
2944,1.8362334230914712
2945,0.9356299415230751
2946,3.5500124795362353
2947,0.6425107130780816
2948,0.9281502570956945
2949,2.485612640157342
2950,1.8631399143487215
2951,2.050670445896685
2952,1.4193792594596744
2953,2.393746399320662
2954,1.785607310011983
2955,1.5512632671743631
2956,5.922498530708253
2957,0.8181086741387844
2958,3.1593808671459556
2959,3.719818778336048
2960,0.9768700692802668
2961,0.478146830573678
2962,1.1174852261319757
2963,1.9781291484832764
2964,1.6306148609146476
2965,2.361892256885767
2966,0.766245648264885
2967,6.898102583363652
2968,4.361223545856774
2969,2.0980951376259327
2970,0.7206253940239549
2971,5.298134055919945
2972,3.246270352974534
2973,0.8143833838403225
2974,0.6162590580061078
2975,0.6918853614479303
2976,3.829380148090422
2977,1.8887367332354188
2978,3.581255441531539
2979,0.570013071410358
2980,1.1724914656952024
2981,0.9937648428604007
2982,1.4899851521477103
2983,1.1381198419257998
2984,0.9762734407559037
2985,0.3106397343799472
2986,4.826259100809693
2987,0.8487695595249534
2988,0.7199996616691351
2989,2.825632691383362
2990,5.741865606978536
2991,1.1500087566673756
2992,1.0325020411983132
2993,0.8818606147542596
2994,2.805012627504766
2995,1.2350210454314947
2996,1.0256189852952957
2997,2.9287912184372544
2998,0.7624912541359663
2999,2.8880895115435123
3000,3.8780999602749944
3001,1.574386260472238
3002,0.3206077963113785
3003,0.6087502697482705
3004,0.6244081305339932
3005,1.8337450455874205
3006,3.8869038689881563
3007,1.1112570064142346
3008,2.6631460059434175
3009,1.0187795851379633
3010,2.0756269805133343
3011,1.2056116247549653
3012,6.668735295534134
3013,3.035631380043924
3014,1.87188561540097
3015,2.1425221348181367
3016,2.632456016726792
3017,2.763117663562298
3018,5.422494723461568
3019,1.1031224858015776
3020,0.8950155461207032
3021,2.1443847799673676
3022,2.6431225705891848
3023,2.1106243366375566
3024,1.3124954421073198
3025,2.3581378627568483
3026,3.1156232580542564
3027,2.071261405944824
3028,5.971261998638511
3029,2.065615262836218
3030,0.5243782652541995
3031,0.9718787623569369
3032,1.2943637557327747
3033,1.2343807611614466
3034,1.7156271496787667
3035,2.4531036615371704
3036,0.7162598194554448
3037,1.0006187949329615
3038,1.9781437003985047
3039,0.815634848549962
3040,2.0824954845011234
3041,1.921274815686047
3042,0.8706265361979604
3043,1.4187389751896262
3044,0.9456271072849631
3045,0.7330963853746653
3046,0.7593916961923242
3047,0.45122578740119934
3048,1.5624682419002056
3049,4.470013664104044
3050,2.4462351575493813
3051,1.2831296771764755
3052,2.4531036615371704
3053,0.727493898011744
3054,2.8343492886051536
3055,1.9437575247138739
3056,4.441244527697563
3057,0.9368814062327147
3058,3.527471562847495
3059,2.5675108190625906
3060,1.6012636478990316
3061,4.933099262416363
3062,2.703774953261018
3063,0.8268689271062613
3064,4.729372449219227
3065,7.540627848356962
3066,0.46938657760620117
3067,0.7893831934779882
3068,1.8206192180514336
3069,0.30873343348503113
3070,0.36123674362897873
3071,2.836866769939661
3072,3.132503479719162
3073,0.5237525328993797
3074,1.644395524635911
3075,0.6550108082592487
3076,4.253146471455693
3077,1.0312069207429886
3078,4.431873094290495
3079,0.6231130100786686
3080,0.7318740244954824
3081,0.5012552719563246
3082,1.654989318922162
3083,1.6187550500035286
3084,0.5125184543430805
3085,7.801281753927469
3086,0.31999661587178707
3087,0.4750327207148075
3088,0.3281165845692158
3089,0.5437468644231558
3090,1.2293749023228884
3091,0.44313492253422737
3092,0.9049836080521345
3093,1.4099932741373777
3094,6.981863407418132
3095,0.4812609404325485
3096,4.043133230879903
3097,2.5549670681357384
3098,1.3756216503679752
3099,7.231865311041474
3100,0.726897269487381
3101,2.3168686311692
3102,3.877532435581088
3103,2.9631482902914286
3104,1.897511538118124
3105,2.8718786779791117
3106,0.5212787073105574
3107,0.5487818270921707
3108,2.1519081201404333
3109,0.9275099728256464
3110,5.280598998069763
3111,4.259985871613026
3112,0.34624827094376087
3113,0.3975001163780689
3114,3.669352736324072
3115,0.528089003637433
3116,0.7062335498631
3117,3.398745320737362
3118,0.9943905752152205
3119,0.8462811820209026
3120,0.5131587386131287
3121,1.7137790564447641
3122,0.5618785507977009
3123,2.30813748203218
3124,1.640029950067401
3125,0.4524772521108389
3126,0.9593495633453131
3127,1.5862169675529003
3128,0.6055925041437149
3129,1.5562400221824646
3130,6.133108399808407
3131,8.37500556372106
3132,1.7581332940608263
3133,0.6831251084804535
3134,6.566871888935566
3135,0.30253431759774685
3136,5.825655534863472
3137,1.8725113477557898
3138,3.3512478694319725
3139,0.5562324076890945
3140,0.7787311915308237
3141,2.090615453198552
3142,7.274386007338762
3143,0.3568711690604687
3144,0.9031209629029036
3145,1.1550146155059338
3146,4.65565244667232
3147,1.723732566460967
3148,0.7425551302731037
3149,1.5068799257278442
3150,0.7668859325349331
3151,0.37878635339438915
3152,6.010639481246471
3153,1.1656666174530983
3154,0.6475020200014114
3155,0.41123712435364723
3156,1.6799895092844963
3157,0.5819019861519337
3158,6.7193759605288506
3159,1.2037635315209627
3160,1.753127435222268
3161,3.668770659714937
3162,1.6100239008665085
3163,2.628134097903967
3164,2.7774949558079243
3165,2.195010893046856
3166,1.0100193321704865
3167,4.341214662417769
3168,2.0700099412351847
3169,1.301872543990612
3170,2.061220584437251
3171,1.4530960470438004
3172,1.0018993634730577
3173,2.5600020308047533
3174,2.6249908842146397
3175,0.38190046325325966
3176,1.2906384654343128
3177,1.0305957403033972
3178,2.560671418905258
3179,1.7362472135573626
3180,1.2275122571736574
3181,2.080021658912301
3182,3.1368399504572153
3183,1.1631345842033625
3184,7.629365427419543
3185,8.572504157200456
3186,5.4193660616874695
3187,2.878718078136444
3188,1.440668711438775
3189,1.3406097423285246
3190,1.1599913705140352
3191,3.9518927223980427
3192,3.4325348678976297
3193,0.7093476597219706
3194,3.35875665768981
3195,5.815614713355899
3196,1.2750097084790468
3197,4.923698725178838
3198,0.3793684300035238
3199,3.383116563782096
3200,1.3700046110898256
3201,2.6581401471048594
3202,0.42689498513936996
3203,2.796878106892109
3204,1.6987323760986328
3205,0.909960363060236
3206,0.5456386134028435
3207,2.1381129045039415
3208,1.9875005818903446
3209,2.5268818717449903
3210,1.4574907254427671
3211,1.6850244719535112
3212,1.4718389138579369
3213,0.8418865036219358
3214,3.6537530831992626
3215,3.9312581066042185
3216,0.7725320756435394
3217,3.3006363082677126
3218,8.831906598061323
3219,0.9912473615258932
3220,0.7069029379636049
3221,2.935004886239767
3222,2.404383849352598
3223,0.400003045797348
3224,0.8337374310940504
3225,4.811881808564067
3226,5.116249667480588
3227,0.45873457565903664
3228,1.766253262758255
3229,6.54687755741179
3230,0.9106297511607409
3231,0.9018986020237207
3232,2.769986167550087
3233,0.9481445886194706
3234,5.064357537776232
3235,0.9587383829057217
3236,1.2025120668113232
3237,3.388704499229789
3238,3.063760232180357
3239,6.914400728419423
3240,4.98685403726995
3241,2.7999922167509794
3242,1.0956136975437403
3243,5.483743734657764
3244,5.733745638281107
3245,7.216294761747122
3246,3.200606442987919
3247,5.0094095058739185
3248,1.2900272849947214
3249,2.8850336093455553
3250,0.8168572094291449
3251,1.0168587323278189
3252,4.119327059015632
3253,0.4318426363170147
3254,7.5918505899608135
3255,5.6368589866906404
3256,0.5949987098574638
3257,0.6743648555129766
3258,2.869986928999424
3259,3.585621016100049
3260,0.6575137376785278
3261,2.7199857868254185
3262,1.9806320779025555
3263,3.6075070966035128
3264,2.365617547184229
3265,0.734988134354353
3266,0.7437483873218298
3267,2.0293518900871277
3268,2.856861101463437
3269,0.4912726581096649
3270,2.923741703853011
3271,1.2981472536921501
3272,0.951928086578846
3273,3.631284926086664
3274,0.9106297511607409
3275,2.4643668439239264
3276,3.2643438316881657
3277,9.005627362057567
3278,0.8974748197942972
3279,0.3150198608636856
3280,5.080626579001546
3281,3.550638211891055
3282,1.0412768460810184
3283,0.7093476597219706
3284,1.4824909158051014
3285,1.5918922144919634
3286,0.5506153684109449
3287,7.088761776685715
3288,1.4943652786314487
3289,3.3687392715364695
3290,5.291251000016928
3291,2.78002698905766
3292,5.502486601471901
3293,0.37500285543501377
3294,2.859364030882716
3295,1.2081291060894728
3296,2.055632648989558
3297,1.0475050657987595
3298,8.56310361996293
3299,0.5293986760079861
3300,0.49310619942843914
3301,0.5312322173267603
3302,1.4181423466652632
3303,0.49191294237971306
3304,0.4231405910104513
3305,1.035630702972412
3306,1.2112432159483433
3307,1.6075209714472294
3308,1.273787347599864
3309,2.414337359368801
3310,1.9162835087627172
3311,1.5606347005814314
3312,4.298752173781395
3313,1.880020136013627
3314,1.1125230230391026
3315,1.8668652046471834
3316,0.7199996616691351
3317,1.766253262758255
3318,0.9374925866723061
3319,6.72624446451664
3320,1.852487912401557
3321,1.9162544049322605
3322,0.715634087100625
3323,1.2956152204424143
3324,0.6781192496418953
3325,1.4087127055972815
3326,1.7050188034772873
3327,0.47878711484372616
3328,0.4468602128326893
3329,3.5712437238544226
3330,0.850617652758956
3331,1.1606025509536266
3332,3.783119609579444
3333,1.3693643268197775
3334,2.574990503489971
3335,1.543725375086069
3336,3.883760655298829
3337,0.6587360985577106
3338,4.2218598537147045
3339,0.38501457311213017
3340,4.959380021318793
3341,0.5162437446415424
3342,2.3293541744351387
3343,2.2806343622505665
3344,2.6694033294916153
3345,2.698739990592003
3346,2.1250161807984114
3347,4.0137674659490585
3348,1.5137484297156334
3349,1.0981166269630194
3350,4.83501935377717
3351,3.0575029086321592
3352,2.5349727366119623
3353,1.3468670658767223
3354,2.4675100576132536
3355,1.900567440316081
3356,1.001870259642601
3357,3.3024989534169436
3358,0.6337359081953764
3359,2.956890966743231
3360,1.8906139302998781
3361,7.408758392557502
3362,2.0744046196341515
3363,0.7287599146366119
3364,1.8062710296362638
3365,0.45311753638088703
3366,2.3649772629141808
3367,3.389985067769885
3368,0.554980942979455
3369,2.0031584426760674
3370,6.5756612457334995
3371,2.856890205293894
3372,2.3806351236999035
3373,1.2849923223257065
3374,1.2249511200934649
3375,2.913788193836808
3376,1.2387463357299566
3377,2.194981789216399
3378,2.8831418603658676
3379,1.6169215086847544
3380,1.2012314982712269
3381,2.220593160018325
3382,3.088120138272643
3383,1.4137767720967531
3384,1.9525177776813507
3385,0.5856272764503956
3386,2.176850102841854
3387,0.7631024345755577
3388,0.31938543543219566
3389,1.233129296451807
3390,2.8969079721719027
3391,0.6056507118046284
3392,1.6831327229738235
3393,1.7300189938396215
3394,7.039372576400638
3395,0.3075692802667618
3396,3.515655407682061
3397,0.9856303222477436
3398,2.0762381609529257
3399,0.4781177267432213
3400,2.510001650080085
3401,4.654342774301767
3402,3.7850113585591316
3403,1.7537677194923162
3404,6.365648005157709
3405,1.8218997865915298
3406,6.0506281442940235
3407,2.489337930455804
3408,0.8937495294958353
3409,1.2668606359511614
3410,2.1394225768744946
3411,0.30687078833580017
3412,2.066255547106266
3413,1.338717993348837
3414,1.3105745892971754
3415,2.2781314328312874
3416,2.4450127966701984
3417,1.299369614571333
3418,1.1143565643578768
3419,2.1562445908784866
3420,0.30687078833580017
3421,1.3556273188441992
3422,0.43748877942562103
3423,2.700020559132099
3424,0.8856295607984066
3425,2.031272742897272
3426,3.338733222335577
3427,2.876215148717165
3428,2.4100299924612045
3429,0.5606561899185181
3430,2.6825000531971455
3431,3.8812286220490932
3432,3.8425205275416374
3433,6.218760972842574
3434,0.6487825885415077
3435,2.980610588565469
3436,6.644986569881439
3437,0.3568711690604687
3438,0.9993673302233219
3439,1.9125291146337986
3440,1.8556311260908842
3441,4.792498657479882
3442,1.4356046449393034
3443,3.7762802094221115
3444,0.5937472451478243
3445,1.1562660802155733
3446,6.401212885975838
3447,0.8725328370928764
3448,0.5312322173267603
3449,1.5268742572516203
3450,2.2537424229085445
3451,0.5325418896973133
3452,1.3981189113110304
3453,1.4868564903736115
3454,7.810624083504081
3455,0.8280621841549873
3456,4.0075392462313175
3457,1.4043762348592281
3458,1.0999792721122503
3459,0.5381589289754629
3460,0.6899936124682426
3461,0.5181354936212301
3462,3.9068690966814756
3463,0.5856272764503956
3464,7.2118418756872416
3465,1.2424716260284185
3466,1.2037635315209627
3467,5.007488653063774
3468,0.3237510100007057
3469,0.9493669494986534
3470,2.310611307621002
3471,0.4462490323930979
3472,3.7500285543501377
3473,1.1737283784896135
3474,2.09250720217824
3475,1.2668606359511614
3476,1.2224772945046425
3477,2.085609594359994
3478,0.8343777153640985
3479,3.799388650804758
3480,1.0624644346535206
3481,1.741223968565464
3482,2.979388227686286
3483,1.8893915694206953
3484,3.631284926086664
3485,2.1568848751485348
3486,0.4081230144947767
3487,4.048721166327596
3488,2.216867869719863
3489,3.4912663977593184
3490,1.0424992069602013
3491,1.134991180151701
3492,6.108748493716121
3493,2.7693749871104956
3494,2.456858055666089
3495,6.154994480311871
3496,2.1893647499382496
3497,1.477514160797
3498,1.8794089555740356
3499,3.9681035559624434
3500,4.067522240802646
3501,0.9556533768773079
3502,4.384404746815562
3503,4.734407411888242
3504,3.167457180097699
3505,4.002504283562303
3506,1.193780917674303
3507,4.166853614151478
3508,3.2225216273218393
3509,1.8149730749428272
3510,0.3124878276139498
3511,3.1224917620420456
3512,2.1424784790724516
3513,0.37997961044311523
3514,0.9443610906600952
3515,3.952503902837634
3516,1.5893601812422276
3517,1.2950040400028229
3518,0.4293397068977356
3519,0.32689422369003296
3520,3.6199926398694515
3521,3.7130957935005426
3522,0.7206399459391832
3523,1.05061917565763
3524,1.1031224858015776
3525,0.9324867278337479
3526,0.8624629117548466
3527,0.3975001163780689
3528,3.633147571235895
3529,0.40934537537395954
3530,1.088104909285903
3531,3.2355892471969128
3532,6.568734534084797
3533,0.317493686452508
3534,0.8256465662270784
3535,0.9093782864511013
3536,2.3399770725518465
3537,2.156855771318078
3538,0.5331530701369047
3539,0.3350432962179184
3540,1.9475119188427925
3541,0.9293726179748774
3542,1.870619598776102
3543,7.30372266843915
3544,2.619402948766947
3545,0.4281464498490095
3546,0.30815135687589645
3547,0.5606270860880613
3548,0.4750327207148075
3549,0.4425528459250927
3550,2.849992597475648
3551,1.7243728507310152
3552,3.4981057979166508
3553,2.245622454211116
3554,3.076856955885887
3555,1.521868398413062
3556,1.006905222311616
3557,1.1437514331191778
3558,1.7750135157257318
3559,3.5287521313875914
3560,1.7312413547188044
3561,3.7762802094221115
3562,8.750619599595666
3563,1.7669226508587599
3564,0.4668836481869221
3565,0.9762297850102186
3566,1.4480901882052422
3567,0.38559664972126484
3568,3.7231366150081158
3569,2.041866537183523
3570,0.5712790880352259
3571,5.41374902240932
3572,2.6006309781223536
3573,6.23127561993897
3574,1.8062419258058071
3575,2.4850305635482073
3576,1.0200310498476028
3577,1.3637472875416279
3578,2.9731309041380882
3579,3.3737451303750277
3580,0.9181094355881214
3581,0.5718902684748173
3582,0.5149922799319029
3583,4.831294063478708
3584,6.525602657347918
3585,2.228771336376667
3586,2.9718794394284487
3587,3.1700183171778917
3588,2.2025196813046932
3589,0.6662448868155479
3590,1.2262316886335611
3591,0.7181079126894474
3592,3.2374809961766005
3593,0.6943591870367527
3594,1.3725075405091047
3595,1.9512372091412544
3596,4.094996256753802
3597,1.5650293789803982
3598,1.7244310583919287
3599,2.585613401606679
3600,3.754365025088191
3601,0.64689083956182
3602,0.8162751328200102
3603,2.596876583993435
3604,1.281878212466836
3605,0.3837340045720339
3606,1.750624505802989
3607,1.668755430728197
3608,1.0100193321704865
3609,1.7537677194923162
3610,0.9156065061688423
3611,0.6343761924654245
3612,1.9856379367411137
3613,4.432513378560543
3614,3.6737474147230387
3615,3.1362578738480806
3616,1.3731478247791529
3617,1.3087119441479445
3618,1.5381083358079195
3619,2.725631929934025
3620,4.0487502701580524
3621,1.2999807950109243
3622,1.1681695468723774
3623,0.6868503987789154
3624,2.6543857529759407
3625,1.0924995876848698
3626,0.7794005796313286
3627,3.5687698982656
3628,1.4606339391320944
3629,1.4056276995688677
3630,0.8287606760859489
3631,4.627479938790202
3632,0.7293710950762033
3633,1.045031240209937
3634,2.080021658912301
3635,3.007473424077034
3636,4.4062326196581125
3637,3.346271114423871
3638,4.049972631037235
3639,4.1174935176968575
3640,3.1818635761737823
